Age,Life Expectancy
0,88.8718951
1,88.00051053
5,84.03008056
10,79.04633476
15,74.0665492
20,69.10756792
25,64.14930031
30,59.1962771
35,54.25261364
40,49.31739311
45,44.43332057
50,39.63473787
55,34.91488095
60,30.25343822
65,25.68089534
70,21.28820012
75,17.10351469
80,13.23872477
85,9.990181244
90,7.617724915
95,5.922359078
